<?xml version="1.0" encoding="utf-8"?>
<!DOCTYPE install PUBLIC "-//Joomla! 2.5//DTD template 1.0//EN" "http://www.joomla.org/xml/dtd/1.6/template-install.dtd">
<extension version="2.5" type="template" client="site">
	<name>Archmuseum</name>
	<creationDate>21 January 2014</creationDate>
	<author>Alyona Gavrylei</author>
	<authorEmail>Alenushka620@gmail.com</authorEmail>
	<authorUrl>http://www.der-auftritt.de</authorUrl>
	<copyright>Copyright (C) 2005 - 2013 Open Source Matters, Inc. All rights reserved.</copyright>
	<license>GNU General Public License version 2 or later; see LICENSE.txt</license>
	<version>2.5.0</version>
	<description>TPL_ARCHMUSEUM_XML_DESCRIPTION</description>

	<files>
		<folder>css</folder>
		<folder>html</folder>
		<folder>images</folder>
		<folder>javascript</folder>
		<folder>fonts</folder>
		<folder>language</folder>
		<filename>index.html</filename>
		<filename>index.php</filename>
		<filename>templateDetails.xml</filename>
		<filename>template_preview.png</filename>
		<filename>template_thumbnail.png</filename>
		<filename>favicon.ico</filename>
		<filename>component.php</filename>
		<filename>error.php</filename>
	</files>

	<positions>
		<position>debug</position>
		<position>position-0</position>
		<position>position-1</position>
		<position>position-2</position>
		<position>position-3</position>
		<position>position-4</position>
		<position>position-5</position>
		<position>position-6</position>
		<position>position-7</position>
		<position>position-8</position>
		<position>position-9</position>
		<position>position-10</position>
		<position>position-11</position>
		<position>position-12</position>
		<position>position-13</position>
		<position>position-14</position>
		<position>position-15</position>
	</positions>


</extension>

